timestamp,equity
2026-08-31T13:50:19.713763-04:00,2000.0
2026-08-31T15:26:09.949854-04:00,2000.0
2026-09-01T15:57:40.132573-04:00,2000.0
2026-09-02T13:03:23.300128-04:00,2000.0
2026-09-02T15:48:12.961505-04:00,2002.63
2026-09-03T12:58:12.992025-04:00,2003.26
2026-09-03T15:42:45.655794-04:00,2003.65
2026-09-04T12:50:47.437277-04:00,1999.54
2026-09-04T15:26:56.447812-04:00,2001.6
2026-09-07T09:31:34.217248-04:00,2000.25
2026-09-07T09:46:40.274550-04:00,2000.25
2026-09-07T10:01:33.282975-04:00,2000.25
2026-09-07T10:16:37.482526-04:00,2000.25
2026-09-07T10:31:40.962423-04:00,2000.25
2026-09-07T10:46:47.100297-04:00,2000.25
2026-09-07T11:01:43.950238-04:00,2000.25
2026-09-07T11:16:33.784292-04:00,2000.25
2026-09-07T11:31:29.751933-04:00,2000.25
2026-09-07T11:46:41.457787-04:00,2000.25
2026-09-07T12:01:41.643742-04:00,2000.25
2026-09-07T12:16:47.509249-04:00,2000.25
2026-09-07T12:31:33.131756-04:00,2000.25
2026-09-07T12:46:33.349474-04:00,2000.25
2026-09-07T13:01:50.028717-04:00,2000.25
2026-09-07T13:16:31.352960-04:00,2000.25
2026-09-07T13:31:37.880279-04:00,2000.25
2026-09-07T13:46:44.502580-04:00,2000.25
2026-09-07T14:01:50.254005-04:00,2000.25
2026-09-07T14:14:24.935655-04:00,2000.25
2026-09-07T14:16:27.047740-04:00,2000.25
2026-09-07T14:31:29.729075-04:00,2000.25
2026-09-07T14:46:31.828506-04:00,2000.25
2026-09-07T15:01:46.265302-04:00,2000.25
2026-09-07T15:16:36.328078-04:00,2000.25
2026-09-07T15:31:45.959975-04:00,2000.25
2026-09-07T15:46:36.388967-04:00,2000.25
2026-09-08T09:31:33.366128-04:00,2000.34
2026-09-08T09:46:37.800705-04:00,1998.45
2026-09-08T10:02:02.237186-04:00,1998.41
2026-09-08T10:16:35.761956-04:00,1998.41
2026-09-08T10:31:48.092488-04:00,1998.41
2026-09-08T10:46:48.554125-04:00,1998.41
2026-09-08T11:02:20.380556-04:00,1998.41
2026-09-08T11:16:35.507856-04:00,1998.41
2026-09-08T11:31:48.576778-04:00,1998.41
2026-09-08T11:46:36.371231-04:00,1998.41
2026-09-08T12:01:48.828685-04:00,1998.41
2026-09-08T12:16:47.765371-04:00,1998.41
2026-09-08T12:32:07.224239-04:00,1998.41
2026-09-08T12:46:38.297052-04:00,1998.41
2026-09-08T13:01:49.123479-04:00,1998.41
2026-09-08T13:14:05.153289-04:00,1998.41
2026-09-08T13:16:41.951299-04:00,1998.41
2026-09-08T13:32:16.804921-04:00,1998.41
2026-09-08T13:46:28.885549-04:00,1998.41
2026-09-08T14:01:50.132196-04:00,1998.41
2026-09-08T14:16:31.680959-04:00,1998.41
2026-09-08T14:31:41.176164-04:00,1998.41
2026-09-08T14:46:31.060608-04:00,1998.41
2026-09-08T15:02:12.417997-04:00,1998.41
2026-09-08T15:16:23.958633-04:00,1998.41
2026-09-08T15:31:46.088728-04:00,1998.41
2026-09-08T15:46:30.393566-04:00,1998.41
2026-09-09T09:31:46.343182-04:00,1998.38
2026-09-09T09:46:34.306471-04:00,1998.38
2026-09-09T10:03:02.062788-04:00,1998.38
2026-09-09T10:16:53.660680-04:00,1998.38
2026-09-09T11:01:32.048991-04:00,1998.38
2026-09-09T11:16:40.690488-04:00,1998.38
2026-09-09T11:31:41.279958-04:00,1998.38
2026-09-09T11:46:53.257273-04:00,1998.38
2026-09-09T12:02:02.196088-04:00,1998.38
2026-09-09T12:16:36.533129-04:00,1998.38
2026-09-09T12:31:40.171337-04:00,1998.38
2026-09-09T12:46:33.479030-04:00,1998.38
2026-09-09T13:01:46.724433-04:00,1998.38
2026-09-09T13:08:35.273706-04:00,1998.38
2026-09-09T13:17:16.806042-04:00,1998.38
2026-09-09T13:32:24.494870-04:00,1998.38
2026-09-09T13:47:15.537912-04:00,1998.38
2026-09-09T14:02:30.782866-04:00,1998.38
2026-09-09T14:17:15.367014-04:00,1998.38
2026-09-09T14:32:14.899313-04:00,1998.38
2026-09-09T14:47:12.203920-04:00,1998.38
2026-09-09T15:02:29.632587-04:00,1998.38
2026-09-09T15:17:12.563967-04:00,1998.38
2026-09-09T15:32:16.008511-04:00,1998.38
2026-09-09T15:47:02.940736-04:00,1998.38
2026-09-10T09:46:58.426197-04:00,1998.38
2026-09-10T10:02:18.974744-04:00,1998.38
2026-09-10T10:16:46.799092-04:00,1998.38
2026-09-10T10:32:02.473576-04:00,1998.38
2026-09-10T10:46:59.261079-04:00,1998.38
2026-09-10T11:02:26.453448-04:00,1998.38
2026-09-10T11:16:56.177517-04:00,1998.38
2026-09-10T11:32:16.268436-04:00,1998.38
2026-09-10T11:46:43.827390-04:00,1998.38
2026-09-10T12:02:14.842264-04:00,1998.38
2026-09-10T12:16:55.673468-04:00,1998.38
2026-09-10T12:32:07.051944-04:00,1998.38
2026-09-10T12:46:44.594834-04:00,1998.38
2026-09-10T12:58:50.091828-04:00,1998.38
2026-09-10T13:03:08.590655-04:00,1998.38
2026-09-10T13:16:52.049086-04:00,1998.38
2026-09-10T13:31:49.474880-04:00,1998.38
2026-09-10T13:46:48.614529-04:00,1998.38
2026-09-10T14:02:18.502454-04:00,1998.38
2026-09-10T15:02:16.081543-04:00,1998.38
2026-09-10T15:17:03.187249-04:00,1998.38
2026-09-10T15:31:54.357831-04:00,1998.38
2026-09-10T15:34:15.750310-04:00,1998.38
2026-09-10T15:46:49.173608-04:00,1998.38
2026-09-11T13:01:32.177142-04:00,1998.38
2026-09-11T15:35:34.618393-04:00,1998.38
2026-09-14T09:31:25.492159-04:00,1998.38
2026-09-14T09:46:37.702798-04:00,1998.38
2026-09-14T10:01:41.418479-04:00,1998.38
2026-09-14T10:16:39.636356-04:00,1998.38
2026-09-14T10:31:35.187303-04:00,1998.38
2026-09-14T10:46:31.154516-04:00,1998.38
2026-09-14T11:02:02.510028-04:00,1998.38
2026-09-14T11:16:34.563973-04:00,1998.38
2026-09-14T11:32:14.488503-04:00,1998.38
2026-09-14T11:46:24.739930-04:00,1998.38
2026-09-14T12:02:02.264585-04:00,1998.38
2026-09-14T12:16:20.014799-04:00,1998.38
2026-09-14T12:29:42.323548-04:00,1998.38
2026-09-14T12:31:34.643238-04:00,1998.38
2026-09-14T12:46:41.057799-04:00,1998.38
2026-09-14T13:01:57.658868-04:00,1998.38
2026-09-14T13:17:25.569442-04:00,1998.38
2026-09-14T13:31:47.532821-04:00,1998.38
2026-09-14T13:46:33.327525-04:00,1998.38
2026-09-14T14:01:46.432150-04:00,1998.38
2026-09-14T14:16:54.753698-04:00,1998.38
2026-09-14T14:31:59.244247-04:00,1998.38
2026-09-14T14:47:02.057993-04:00,1998.38
2026-09-14T15:02:03.853025-04:00,1998.38
2026-09-14T15:17:08.387278-04:00,1998.38
2026-09-14T15:32:03.891704-04:00,1998.38
2026-09-14T15:47:27.731332-04:00,1998.38
2026-09-15T09:31:58.353017-04:00,1998.38
2026-09-15T09:47:02.443478-04:00,1998.38
2026-09-15T10:01:54.188543-04:00,1998.38
2026-09-15T10:17:48.567339-04:00,1998.38
2026-09-15T10:31:54.445231-04:00,1998.38
2026-09-15T10:46:55.615283-04:00,1998.38
2026-09-15T11:01:51.019051-04:00,1998.38
2026-09-15T11:17:02.346881-04:00,1998.38
2026-09-15T11:31:50.450682-04:00,1998.38
2026-09-15T11:47:01.267806-04:00,1998.38
2026-09-15T12:01:49.322949-04:00,1998.38
2026-09-15T12:17:06.988786-04:00,1998.38
2026-09-15T12:31:54.091594-04:00,1998.38
2026-09-15T12:46:51.848386-04:00,1998.38
2026-09-15T13:02:03.778070-04:00,1998.38
2026-09-15T13:16:59.161600-04:00,1998.38
2026-09-15T13:31:52.795355-04:00,1998.38
2026-09-15T13:39:26.106921-04:00,1998.38
2026-09-15T13:46:51.294746-04:00,1998.38
2026-09-15T14:01:51.732740-04:00,1998.38
2026-09-15T14:16:50.456309-04:00,1998.38
2026-09-15T14:31:49.847283-04:00,1998.38
2026-09-15T14:46:50.585434-04:00,1998.38
2026-09-15T15:02:04.475896-04:00,1998.38
2026-09-15T15:16:54.410252-04:00,1998.38
2026-09-15T15:31:54.388197-04:00,1998.38
2026-09-15T15:46:50.381411-04:00,1998.38
2026-09-16T09:31:59.721502-04:00,1998.38
2026-09-16T09:46:53.231433-04:00,1998.38
2026-09-16T10:02:08.881952-04:00,1998.38
2026-09-16T10:17:27.685570-04:00,1998.38
2026-09-16T10:32:07.361631-04:00,1998.38
2026-09-16T10:46:53.625332-04:00,1998.38
2026-09-16T11:02:04.058734-04:00,1998.38
2026-09-16T11:16:50.399881-04:00,1998.38
2026-09-16T11:31:55.020044-04:00,1998.38
2026-09-16T11:47:05.850586-04:00,1998.38
2026-09-16T12:02:24.465465-04:00,1998.38
2026-09-16T12:17:01.288526-04:00,1998.38
2026-09-16T12:32:29.049309-04:00,1998.38
2026-09-16T12:46:50.342786-04:00,1998.38
2026-09-16T13:02:07.269290-04:00,1998.38
2026-09-16T13:16:58.415951-04:00,1998.38
2026-09-16T13:32:04.077973-04:00,1998.38
2026-09-16T13:36:43.523001-04:00,1998.38
2026-09-16T13:46:55.636143-04:00,1998.38
2026-09-16T14:02:15.781274-04:00,1998.38
2026-09-16T14:16:59.503373-04:00,1998.38
2026-09-16T14:32:06.327408-04:00,1998.38
2026-09-16T14:46:49.836900-04:00,1998.38
2026-09-16T15:02:05.101872-04:00,1998.38
2026-09-16T15:17:00.342611-04:00,1998.38
2026-09-16T15:31:58.319354-04:00,1998.38
2026-09-16T15:46:59.202515-04:00,1998.38
2026-09-17T09:31:58.927050-04:00,1998.38
2026-09-17T09:46:50.753697-04:00,1998.38
2026-09-17T10:01:55.251337-04:00,1998.38
2026-09-17T10:16:55.101396-04:00,1998.38
2026-09-17T10:32:05.530613-04:00,1998.38
2026-09-17T10:46:50.113687-04:00,1998.38
2026-09-17T11:02:15.720315-04:00,1998.38
2026-09-17T11:17:05.157783-04:00,1998.38
2026-09-17T11:31:57.201419-04:00,1998.38
2026-09-17T11:47:04.457674-04:00,1998.38
2026-09-17T12:02:14.946205-04:00,1998.38
2026-09-17T12:16:56.295576-04:00,1998.38
2026-09-17T12:32:03.100100-04:00,1998.38
2026-09-17T12:46:51.458908-04:00,1998.38
2026-09-17T13:01:56.047289-04:00,1998.38
2026-09-17T13:16:59.187744-04:00,1998.38
2026-09-17T13:31:57.648039-04:00,1998.38
2026-09-17T13:36:43.535535-04:00,1998.38
2026-09-17T13:46:52.356553-04:00,1998.38
2026-09-17T14:03:01.033258-04:00,1998.38
2026-09-17T14:16:52.367994-04:00,1998.38
2026-09-17T14:32:07.950760-04:00,1998.38
2026-09-17T14:46:55.143394-04:00,1998.38
2026-09-17T15:02:25.172991-04:00,1998.38
2026-09-17T15:17:05.273197-04:00,1998.38
2026-09-17T15:32:33.852206-04:00,1998.38
2026-09-17T15:46:53.022547-04:00,1998.38
2026-09-18T13:03:35.508453-04:00,1998.38
2026-09-18T15:32:38.266134-04:00,1998.38
2026-09-21T09:31:54.460231-04:00,1998.38
2026-09-21T09:46:56.377802-04:00,1998.38
2026-09-21T10:02:04.240921-04:00,1998.38
2026-09-21T10:17:02.069567-04:00,1998.38
2026-09-21T10:32:10.430664-04:00,1998.38
2026-09-21T10:47:10.014439-04:00,1998.38
2026-09-21T11:02:19.491685-04:00,1998.38
2026-09-21T11:16:56.656367-04:00,1998.38
2026-09-21T11:32:04.595673-04:00,1998.38
2026-09-21T11:47:34.647167-04:00,1998.38
2026-09-21T12:02:09.591230-04:00,1998.38
2026-09-21T12:16:57.254763-04:00,1998.38
2026-09-21T12:32:05.771867-04:00,1998.38
2026-09-21T12:47:28.847554-04:00,1998.38
2026-09-21T13:02:27.913276-04:00,1998.38
2026-09-21T13:16:50.336524-04:00,1998.38
2026-09-21T13:32:06.755558-04:00,1998.38
2026-09-21T13:47:07.471656-04:00,1998.38
2026-09-21T14:02:36.695677-04:00,1998.38
2026-09-21T14:16:55.897298-04:00,1998.38
2026-09-21T14:32:14.869851-04:00,1998.38
2026-09-21T14:37:52.684331-04:00,1998.38
2026-09-21T14:46:53.244448-04:00,1998.38
2026-09-21T15:02:01.694258-04:00,1998.38
2026-09-21T15:16:57.010321-04:00,1998.38
2026-09-21T15:32:08.276924-04:00,1998.38
2026-09-21T15:46:46.080584-04:00,1998.38
2026-09-22T09:32:01.442547-04:00,1998.38
2026-09-22T09:46:54.770497-04:00,1998.38
2026-09-22T10:02:26.210497-04:00,1998.38
2026-09-22T10:17:05.814499-04:00,1998.38
2026-09-22T10:32:05.914778-04:00,1998.38
2026-09-22T10:47:05.476264-04:00,1998.38
2026-09-22T11:02:23.599677-04:00,1998.38
2026-09-22T11:16:56.633097-04:00,1998.38
2026-09-22T11:31:58.510082-04:00,1998.38
2026-09-22T11:46:58.913462-04:00,1998.38
2026-09-22T12:02:11.537321-04:00,1998.38
2026-09-22T12:17:05.367673-04:00,1998.38
2026-09-22T12:32:07.722243-04:00,1998.38
2026-09-22T12:46:50.179007-04:00,1998.38
2026-09-22T13:02:14.360122-04:00,1998.38
2026-09-22T13:16:54.680356-04:00,1998.38
2026-09-22T13:31:59.089564-04:00,1998.38
2026-09-22T13:37:28.801195-04:00,1998.38
2026-09-22T13:47:08.534249-04:00,1998.38
2026-09-22T14:02:07.242808-04:00,1998.38
2026-09-22T14:17:02.726340-04:00,1998.38
2026-09-22T14:32:33.348633-04:00,1998.38
2026-09-22T14:46:56.113669-04:00,1998.38
2026-09-22T15:02:16.687179-04:00,1998.38
2026-09-22T15:16:54.886243-04:00,1998.38
2026-09-22T15:31:57.360053-04:00,1998.38
2026-09-22T15:46:53.569696-04:00,1998.38
2026-09-23T09:32:05.851218-04:00,1998.38
2026-09-23T09:47:21.005465-04:00,1998.38
2026-09-23T10:02:15.771157-04:00,1998.38
2026-09-23T10:16:59.661074-04:00,1998.38
2026-09-23T10:31:56.248546-04:00,1998.38
2026-09-23T10:46:59.805738-04:00,1998.38
2026-09-23T11:02:04.290947-04:00,1998.38
2026-09-23T11:17:06.655899-04:00,1998.38
2026-09-23T11:32:15.938840-04:00,1998.38
2026-09-23T11:47:15.796823-04:00,1998.38
2026-09-23T12:02:12.291790-04:00,1998.38
2026-09-23T12:16:51.451879-04:00,1998.38
2026-09-23T12:31:52.589497-04:00,1998.38
2026-09-23T12:46:59.752882-04:00,1998.38
2026-09-23T13:02:04.349594-04:00,1998.38
2026-09-23T13:16:51.424264-04:00,1998.38
2026-09-23T13:32:32.976479-04:00,1998.38
2026-09-23T13:46:48.847317-04:00,1998.38
2026-09-23T13:50:18.536656-04:00,1998.38
2026-09-23T14:02:16.022438-04:00,1998.38
2026-09-23T14:16:50.137572-04:00,1998.38
2026-09-23T14:31:48.056056-04:00,1998.38
2026-09-23T14:46:51.631596-04:00,1998.38
2026-09-23T15:02:12.007576-04:00,1998.38
2026-09-23T15:16:49.250060-04:00,1998.38
2026-09-23T15:31:52.664321-04:00,1998.38
2026-09-23T15:47:00.147975-04:00,1998.38
2026-09-24T09:32:11.785531-04:00,1998.38
2026-09-24T09:47:00.326146-04:00,1998.38
2026-09-24T10:02:21.659135-04:00,1998.38
2026-09-24T10:16:56.941584-04:00,1998.38
2026-09-24T10:32:31.707430-04:00,1998.38
2026-09-24T10:47:14.704434-04:00,1998.38
2026-09-24T11:02:26.783062-04:00,1998.38
2026-09-24T11:16:47.008052-04:00,1998.38
2026-09-24T11:32:10.318145-04:00,1998.38
2026-09-24T11:47:00.629740-04:00,1998.38
2026-09-24T12:02:32.240674-04:00,1998.38
2026-09-24T12:17:06.288939-04:00,1998.38
2026-09-24T12:32:14.220192-04:00,1998.38
2026-09-24T12:46:53.374170-04:00,1998.38
2026-09-24T13:02:19.874058-04:00,1998.38
2026-09-24T13:17:04.454919-04:00,1998.38
2026-09-24T13:32:12.373458-04:00,1998.38
2026-09-24T13:46:53.885649-04:00,1998.38
2026-09-24T13:50:47.020344-04:00,1998.38
2026-09-24T14:02:38.401074-04:00,1998.38
2026-09-24T14:16:56.495457-04:00,1998.38
2026-09-24T14:32:03.836391-04:00,1998.38
2026-09-24T14:46:49.051886-04:00,1998.38
2026-09-24T15:02:14.494847-04:00,1998.38
2026-09-24T15:17:13.827561-04:00,1998.66
2026-09-24T15:32:11.020656-04:00,1998.44
2026-09-24T15:47:04.987199-04:00,1999.18
2026-09-25T13:55:28.422452-04:00,2000.25
2026-09-28T09:31:45.041568-04:00,2000.96
2026-09-28T09:46:46.631522-04:00,1999.53
2026-09-28T10:01:45.071599-04:00,2000.3
2026-09-28T10:16:42.865235-04:00,2000.23
2026-09-28T10:31:41.493431-04:00,2000.54
2026-09-28T10:46:53.975537-04:00,1998.69
2026-09-28T11:01:42.064618-04:00,1997.98
2026-09-28T11:16:42.868769-04:00,1998.66
2026-09-28T11:31:44.885720-04:00,1998.98
2026-09-28T11:46:43.682787-04:00,1998.98
2026-09-28T12:01:53.203909-04:00,1999.26
2026-09-28T12:16:41.231345-04:00,1998.97
2026-09-28T12:31:36.773271-04:00,2000.66
2026-09-28T12:46:36.390435-04:00,1999.86
2026-09-28T13:01:35.734121-04:00,1999.53
2026-09-28T13:16:44.156251-04:00,2000.76
2026-09-28T13:31:44.551361-04:00,2000.41
2026-09-28T13:46:42.418568-04:00,2000.22
2026-09-28T14:01:54.121256-04:00,2000.61
2026-09-28T14:16:34.641191-04:00,2000.44
2026-09-28T14:31:43.670214-04:00,2000.36
2026-09-28T14:46:40.169348-04:00,2000.8
2026-09-28T15:01:39.812906-04:00,2000.37
2026-09-28T15:16:39.146847-04:00,1999.52
2026-09-28T15:32:57.037315-04:00,1999.35
2026-09-28T15:46:39.807496-04:00,1999.26
2026-09-29T09:31:42.696678-04:00,1995.67
2026-09-29T09:46:38.484589-04:00,1996.61
2026-09-29T10:01:42.998755-04:00,1996.65
2026-09-29T10:16:42.031991-04:00,1997.87
2026-09-29T10:31:33.038915-04:00,1998.78
2026-09-29T10:46:49.858984-04:00,1998.56
2026-09-29T11:02:22.299354-04:00,1998.65
2026-09-29T11:16:47.128434-04:00,1998.8
2026-09-29T11:31:47.137448-04:00,1998.35
2026-09-29T11:46:41.590318-04:00,1998.35
2026-09-29T12:01:49.087737-04:00,1998.35
2026-09-29T12:16:45.313701-04:00,1998.35
2026-09-29T12:31:55.761206-04:00,1998.35
2026-09-29T12:46:32.836809-04:00,1998.35
2026-09-29T13:01:42.731282-04:00,1998.35
2026-09-29T13:16:43.769457-04:00,1998.35
2026-09-29T13:31:39.640659-04:00,1998.35
2026-09-29T13:46:42.331076-04:00,1998.35
2026-09-29T14:01:49.591568-04:00,1998.35
2026-09-29T14:16:40.614729-04:00,1998.35
2026-09-29T14:32:04.159309-04:00,1998.35
2026-09-29T14:35:29.661870-04:00,1998.35
2026-09-29T14:46:39.658219-04:00,1998.8
2026-09-29T15:01:47.024138-04:00,1999.36
2026-09-29T15:16:34.887375-04:00,1999.13
2026-09-29T15:31:44.304182-04:00,1999.25
2026-09-29T15:47:02.706173-04:00,1999.58
2026-09-30T09:32:09.677050-04:00,2003.14
2026-09-30T09:46:58.118506-04:00,2002.87
2026-09-30T10:03:05.969083-04:00,2002.87
2026-09-30T10:17:01.341604-04:00,2002.87
2026-09-30T10:32:05.413794-04:00,2002.87
2026-09-30T10:47:08.805279-04:00,2002.87
2026-09-30T11:02:05.788374-04:00,2002.87
2026-09-30T11:17:07.964875-04:00,2002.87
2026-09-30T11:32:32.115371-04:00,2002.87
2026-09-30T11:47:04.898522-04:00,2002.87
2026-09-30T12:02:39.234302-04:00,2002.87
2026-09-30T12:17:08.289006-04:00,2002.87
2026-09-30T12:32:19.838672-04:00,2002.87
2026-09-30T12:47:05.952204-04:00,2002.87
2026-09-30T13:02:26.772495-04:00,2002.53
2026-09-30T13:17:06.102791-04:00,2001.12
2026-09-30T13:31:57.096935-04:00,2000.9
2026-09-30T13:46:57.658130-04:00,2000.91
2026-09-30T14:02:54.511575-04:00,2000.96
2026-09-30T14:17:01.607912-04:00,2000.9
2026-09-30T14:24:49.882315-04:00,2000.72
2026-09-30T14:32:17.656415-04:00,2000.15
2026-09-30T14:47:06.789463-04:00,2000.63
2026-09-30T15:02:23.941264-04:00,2001.32
2026-09-30T15:17:10.087471-04:00,2000.54
2026-09-30T15:32:05.332583-04:00,1999.21
2026-09-30T15:47:06.374159-04:00,1998.72
2026-10-01T09:32:22.435412-04:00,1993.03
2026-10-01T09:47:01.920955-04:00,1992.83
2026-10-01T10:02:39.848718-04:00,1992.83
2026-10-01T10:16:57.077738-04:00,1992.83
2026-10-01T10:32:10.801181-04:00,1992.83
2026-10-01T10:47:03.100053-04:00,1992.83
2026-10-01T11:02:26.262880-04:00,1992.83
2026-10-01T11:17:12.090427-04:00,1992.83
2026-10-01T11:32:19.263591-04:00,1992.83
2026-10-01T11:46:55.170450-04:00,1992.83
2026-10-01T12:02:18.776829-04:00,1992.83
2026-10-01T12:17:03.913674-04:00,1992.83
2026-10-01T12:32:12.076182-04:00,1992.83
2026-10-01T12:47:02.785070-04:00,1992.83
2026-10-01T13:02:27.196204-04:00,1992.83
2026-10-01T13:17:01.649420-04:00,1992.83
2026-10-01T13:32:23.611678-04:00,1992.83
2026-10-01T13:46:59.670161-04:00,1992.83
2026-10-01T14:02:19.047223-04:00,1992.83
2026-10-01T14:17:26.915164-04:00,1992.83
2026-10-01T14:32:18.828410-04:00,1992.83
2026-10-01T14:47:10.477442-04:00,1992.83
2026-10-01T14:48:52.969938-04:00,1992.94
2026-10-01T15:02:15.609496-04:00,1992.17
2026-10-01T15:17:10.079513-04:00,1992.28
2026-10-01T15:32:25.602241-04:00,1991.84
2026-10-01T15:47:17.566849-04:00,1992.28
2026-10-02T14:21:35.961236-04:00,1990.72
2026-10-05T09:32:01.340847-04:00,1989.51
2026-10-05T09:46:55.810109-04:00,1990.83
2026-10-05T10:02:17.177602-04:00,1989.3
2026-10-05T10:16:53.387753-04:00,1989.79
2026-10-05T10:31:44.604806-04:00,1989.45
2026-10-05T10:46:50.535750-04:00,1989.91
2026-10-05T11:02:14.567087-04:00,1989.48
2026-10-05T11:17:01.449331-04:00,1989.57
2026-10-05T11:32:15.059320-04:00,1989.62
2026-10-05T11:46:50.108739-04:00,1989.84
2026-10-05T12:02:26.249518-04:00,1991.85
2026-10-05T12:17:24.432681-04:00,1991.63
2026-10-05T12:31:58.575266-04:00,1992.2
2026-10-05T12:46:47.272632-04:00,1991.99
2026-10-05T13:01:58.141452-04:00,1992.42
2026-10-05T13:17:06.920906-04:00,1991.64
2026-10-05T13:32:22.601427-04:00,1991.13
2026-10-05T13:47:02.082137-04:00,1991.06
2026-10-05T14:02:17.307502-04:00,1990.89
2026-10-05T14:17:10.872241-04:00,1990.39
2026-10-05T14:32:01.600369-04:00,1990.98
2026-10-05T14:47:04.335307-04:00,1990.6
2026-10-05T15:02:54.423399-04:00,1992.08
2026-10-05T15:17:39.607261-04:00,1992.12
2026-10-05T15:52:57.892566-04:00,1993.17
2026-10-06T09:32:14.833227-04:00,1992.94
2026-10-06T09:46:52.043257-04:00,1992.54
2026-10-06T10:02:45.652346-04:00,1992.29
2026-10-06T10:17:05.869619-04:00,1993.24
2026-10-06T10:32:03.312856-04:00,1992.53
2026-10-06T10:47:08.448235-04:00,1993.69
2026-10-06T11:02:00.193623-04:00,1992.78
2026-10-06T11:16:54.341210-04:00,1992.33
2026-10-06T11:32:05.441636-04:00,1992.54
2026-10-06T11:47:06.827810-04:00,1992.53
2026-10-06T12:02:14.958014-04:00,1992.42
2026-10-06T12:17:02.242681-04:00,1991.59
