timestamp,symbol,side,qty,price,reason
2026-08-17T09:39:55.476224-04:00,AAPL,buy,163,305.395,all checks passed
2026-08-19T09:45:17.009005-04:00,SPY,buy,65,770.15,all checks passed
2026-08-19T10:19:10.984350-04:00,AAPL,sell,163,317.52,stop/target exit
2026-08-19T12:33:05.456953-04:00,AAPL,buy,161,316.27,all checks passed
2026-08-21T09:46:51.498418-04:00,AAPL,sell,161,307.745,stop/target exit
2026-08-24T11:24:12.775002-04:00,AAPL,buy,160,311.76,all checks passed
2026-09-01T13:12:23.372421-04:00,AAPL,sell,160.0,325.04,stop/target exit
2026-09-01T13:12:23.372421-04:00,AAPL,buy,82.3924,325.04,all checks passed
2026-09-08T09:45:57.685753-04:00,AAPL,sell,82.3924,317.53,stop/target exit
2026-09-24T15:01:29.945231-04:00,AAPL,buy,30.448,337.32,approved via GitHub issue
2026-09-24T15:31:32.578330-04:00,SERV,buy,1128.5543,4.425,approved via GitHub issue
2026-09-29T10:31:05.612567-04:00,SERV,sell,1128.5543,4.58,stop/target exit
2026-09-29T11:31:07.095144-04:00,AAPL,sell,30.448,331.55,stop/target exit
2026-09-29T14:34:53.220247-04:00,SERV,buy,1087.57,4.575,approved via GitHub issue
2026-09-30T10:02:28.861403-04:00,SERV,sell,1087.57,4.765,stop/target exit
2026-09-30T12:46:33.172236-04:00,AAPL,buy,30.4249,336.7,approved via GitHub issue
2026-09-30T12:46:33.737408-04:00,SERV,buy,1111.0386,4.82,approved via GitHub issue
2026-09-30T14:02:15.816416-04:00,SERV,sell,1111.0386,4.745,stop/target exit
2026-09-30T14:24:17.157815-04:00,SERV,buy,1047.7094,4.775,approved via GitHub issue
2026-10-01T09:31:43.549533-04:00,AAPL,sell,30.4249,329.79,stop/target exit
2026-10-01T09:31:43.549533-04:00,SERV,sell,1047.7094,4.63,stop/target exit
2026-10-01T14:46:30.271916-04:00,SERV,buy,1146.0777,4.725,approved via GitHub issue
2026-10-05T09:46:19.076688-04:00,AAPL,buy,30.7613,335.615,approved via GitHub issue
2026-10-05T15:52:02.282443-04:00,SERV,sell,1146.0777,4.885,stop/target exit
